,train_loss,val_loss
0,0.47547788963746773,0.46273775882861784
