,train_loss,val_loss
0,0.5073064779951459,0.450130031958914
