,train_loss,val_loss
0,0.4743183053517468,0.45425585352418796
