,train_loss,val_loss
0,0.4847222740845705,0.4512576957543691
